epoch,step,progress,cls_loss,mmd,feat_norm,loss
1,10,0.00148,1.795804,0.216455,23.989101,3.960351
1,20,0.00312,1.338739,0.236978,43.957989,3.70852
1,30,0.00476,1.100702,0.234794,57.425743,3.448641
1,40,0.0064,0.977719,0.178143,61.531414,2.759151
1,50,0.00805,0.819007,0.243178,63.672009,3.250786
1,60,0.00969,0.870952,0.174043,63.926186,2.611382
1,70,0.01133,0.578086,0.158807,65.938118,2.166151
1,80,0.01297,0.896959,0.288241,70.386047,3.779373
1,90,0.01461,0.877635,0.115966,66.344894,2.037298
1,100,0.01626,0.74872,0.165549,54.75642,2.404208
1,110,0.0179,0.690405,0.128064,55.499676,1.971044
1,120,0.01954,0.553141,0.139834,56.390636,1.951478
1,130,0.02118,0.596488,0.143511,57.381958,2.031598
1,140,0.02282,0.728283,0.26476,54.696899,3.375884
1,150,0.02447,0.57292,0.106283,49.149223,1.635754
1,160,0.02611,0.630255,0.212763,55.32896,2.757883
1,170,0.02775,0.678509,0.103589,65.952576,1.714398
1,180,0.02939,0.634866,0.268662,55.871475,3.321491
1,190,0.03103,0.236515,0.20434,74.570145,2.279912
1,200,0.03268,0.415264,0.13732,70.210236,1.788462
2,210,0.03432,0.234532,0.15593,54.425865,1.793835
2,220,0.03596,0.508585,0.117918,72.087883,1.687763
2,230,0.0376,0.243165,0.138336,76.511169,1.626527
2,240,0.03924,0.423882,0.151104,62.901215,1.934922
2,250,0.04089,0.794689,0.293737,60.656853,3.732061
2,260,0.04253,0.546494,0.225313,62.293999,2.799625
2,270,0.04417,0.604847,0.090486,67.59407,1.509708
2,280,0.04581,0.725634,0.111856,71.063965,1.844189
2,290,0.04745,0.858172,0.068426,48.182598,1.542435
2,300,0.0491,0.443468,0.232792,54.440689,2.771385
2,310,0.05074,0.300918,0.200756,77.18737,2.308479
2,320,0.05238,0.536009,0.070286,75.758469,1.238867
2,330,0.05402,0.316157,0.147389,64.602066,1.790044
2,340,0.05567,0.861276,0.096184,72.934464,1.823111
2,350,0.05731,0.778611,0.374705,87.000847,4.525665
2,360,0.05895,0.598742,0.082065,68.648376,1.419388
2,370,0.06059,0.664217,0.060721,63.149231,1.271424
2,380,0.06223,0.622441,0.163266,94.442833,2.255105
2,390,0.06388,0.429526,0.178271,113.40567,2.212232
2,400,0.06552,0.370633,0.117701,70.388153,1.547643
3,410,0.06716,0.704899,0.092632,68.284172,1.63122
3,420,0.0688,0.578857,0.071998,73.934845,1.298836
3,430,0.07044,0.620365,0.297554,81.035599,3.59591
3,440,0.07209,0.26614,0.150443,93.575668,1.770568
3,450,0.07373,0.694743,0.084328,78.898827,1.538025
3,460,0.07537,0.355553,0.250957,80.412941,2.865118
3,470,0.07701,0.520869,0.208404,82.885551,2.604912
3,480,0.07865,0.872901,0.125477,90.604889,2.127674
3,490,0.0803,0.560608,0.178287,120.199303,2.343476
3,500,0.08194,0.501545,0.159982,101.69873,2.101364
3,510,0.08358,0.76819,0.080714,68.002533,1.575335
3,520,0.08522,0.565783,0.067735,93.188461,1.24313
3,530,0.08686,0.814543,0.077629,71.217422,1.590831
3,540,0.08851,0.620324,0.382079,114.215538,4.441115
3,550,0.09015,0.50688,0.220835,141.773529,2.715227
3,560,0.09179,0.49524,0.153478,67.060997,2.030024
3,570,0.09343,0.522344,0.341553,75.340508,3.937876
3,580,0.09507,0.801949,0.083318,66.66217,1.635127
3,590,0.09672,0.253511,0.079948,97.108887,1.052993
3,600,0.09836,0.872366,0.092883,103.333893,1.801199
4,610,0.1,0.419274,0.209179,74.648209,2.511063
4,620,0.10164,0.634164,0.163415,67.712273,2.268311
4,630,0.10328,0.631542,0.070082,82.369446,1.332364
4,640,0.10493,0.455254,0.085449,111.571678,1.309746
4,650,0.10657,0.224382,0.084526,95.794273,1.069638
4,660,0.10821,0.602822,0.127046,104.462189,1.873278
4,670,0.10985,0.185383,0.061536,73.73735,0.800744
4,680,0.11149,0.313346,0.055895,97.77977,0.872299
4,690,0.11314,0.518831,0.116694,98.832062,1.685768
4,700,0.11478,0.303993,0.127959,97.385765,1.583578
4,710,0.11642,0.561269,0.124811,103.887009,1.809381
4,720,0.11806,0.326196,0.225326,105.957878,2.579459
4,730,0.1197,0.806623,0.174928,100.642563,2.5559
4,740,0.12135,0.412433,0.534396,78.921494,5.756392
4,750,0.12299,0.413503,0.126283,104.092087,1.676329
4,760,0.12463,1.025368,0.138156,73.771385,2.406932
4,770,0.12627,0.499694,0.096286,72.305161,1.462557
4,780,0.12791,0.710481,0.100205,68.69191,1.712535
4,790,0.12956,0.715877,0.12005,93.101212,1.916377
4,800,0.1312,0.435385,0.144006,104.444,1.875447
4,810,0.13284,0.733161,0.044009,157.450745,1.173249
5,820,0.13448,0.572934,0.06218,82.228592,1.194736
5,830,0.13612,0.927928,0.083971,144.977295,1.767636
5,840,0.13777,0.905315,0.365989,66.306671,4.565209
5,850,0.13941,1.182409,0.147321,62.315289,2.655622
5,860,0.14105,0.558374,0.123435,66.324883,1.792719
5,870,0.14269,0.394902,0.170361,103.09848,2.098507
5,880,0.14433,0.316504,0.133337,113.670517,1.649872
5,890,0.14598,0.40806,0.10871,134.911087,1.495162
5,900,0.14762,0.979131,0.238669,130.260544,3.365825
5,910,0.14926,0.605396,0.079887,129.104233,1.404266
5,920,0.1509,0.60906,0.080201,106.217285,1.411071
5,930,0.15255,0.952791,0.171575,278.577484,2.668537
5,940,0.15419,0.64918,0.216512,225.72197,2.814302
5,950,0.15583,0.323251,0.137817,141.537567,1.701418
5,960,0.15747,0.971229,0.192767,93.128868,2.898903
5,970,0.15911,0.392462,0.031497,114.545555,0.707432
5,980,0.16076,0.255198,0.057281,132.632721,0.82801
5,990,0.1624,0.586206,0.072023,169.944763,1.306433
5,1000,0.16404,0.746743,0.087862,96.22924,1.625359
5,1010,0.16568,0.961331,0.151134,65.17659,2.472669
6,1020,0.16732,0.252022,0.041615,92.793106,0.668175
6,1030,0.16897,0.288722,0.027,161.515259,0.558721
6,1040,0.17061,0.407798,0.253511,115.962387,2.942908
6,1050,0.17225,0.447048,0.096902,97.364258,1.41607
6,1060,0.17389,0.297297,0.069783,108.099884,0.995124
6,1070,0.17553,0.29776,0.035276,134.536118,0.650525
6,1080,0.17718,0.301115,0.093016,116.899132,1.231272
6,1090,0.17882,0.303166,0.229527,106.328697,2.598431
6,1100,0.18046,0.187031,0.079192,155.440735,0.978951
6,1110,0.1821,0.57687,0.045246,141.161346,1.029329
6,1120,0.18374,0.555282,0.137058,137.101334,1.92586
6,1130,0.18539,0.346286,0.189016,103.950439,2.236449
6,1140,0.18703,0.552995,0.086385,103.198021,1.416842
6,1150,0.18867,0.537585,0.256638,140.460007,3.103963
6,1160,0.19031,0.474395,0.231383,95.243126,2.788223
6,1170,0.19195,0.323123,0.062428,87.875046,0.947406
6,1180,0.1936,0.378999,0.075422,125.467583,1.133217
6,1190,0.19524,0.52686,0.05562,185.634644,1.083061
6,1200,0.19688,0.841396,0.469915,124.535355,5.540548
6,1210,0.19852,0.343232,0.05629,78.70787,0.906136
7,1220,0.20016,0.659543,0.066243,137.056061,1.321974
7,1230,0.20181,1.109666,0.080665,108.459885,1.91632
7,1240,0.20345,0.350299,0.034834,146.073273,0.698636
7,1250,0.20509,0.603419,0.046559,113.782555,1.069012
7,1260,0.20673,0.478792,0.104544,88.049438,1.524232
7,1270,0.20837,0.118412,0.181942,135.84726,1.937832
7,1280,0.21002,0.362274,0.078629,151.535461,1.14856
7,1290,0.21166,0.566127,0.096837,128.088898,1.534499
7,1300,0.2133,0.257048,0.503914,147.455139,5.296189
7,1310,0.21494,0.745782,0.064109,131.965118,1.386875
7,1320,0.21658,0.646519,0.179191,110.537598,2.438425
7,1330,0.21823,0.416514,0.093676,163.548203,1.353275
7,1340,0.21987,0.307694,0.158899,116.521202,1.89668
7,1350,0.22151,0.345594,0.075088,131.560974,1.096472
7,1360,0.22315,0.154137,0.033138,153.102325,0.48552
7,1370,0.22479,0.489676,0.244139,203.415039,2.931064
7,1380,0.22644,0.609901,0.080084,145.699127,1.410738
7,1390,0.22808,0.749051,0.10461,105.827545,1.795148
7,1400,0.22972,0.79615,0.055899,149.115723,1.355144
7,1410,0.23136,0.530582,0.061363,203.916229,1.144211
7,1420,0.233,0.442445,0.1396,147.59549,1.838443
8,1430,0.23465,1.083713,0.140182,124.589203,2.48553
8,1440,0.23629,0.384626,0.063334,244.331726,1.017968
8,1450,0.23793,0.398627,0.143701,117.442886,1.835637
8,1460,0.23957,0.353692,0.079041,139.947632,1.144107
8,1470,0.24122,0.690042,0.140173,94.15686,2.091771
8,1480,0.24286,0.573222,0.134552,95.343102,1.918744
8,1490,0.2445,0.324779,0.106847,122.471191,1.393252
8,1500,0.24614,0.417851,0.153884,100.503418,1.95669
8,1510,0.24778,0.774259,0.082621,131.580383,1.600465
8,1520,0.24943,0.833831,0.122417,124.516617,2.058003
8,1530,0.25107,0.765846,0.157845,107.359909,2.344301
8,1540,0.25271,0.892401,0.137394,134.972458,2.266338
8,1550,0.25435,0.404517,0.212109,153.965927,2.525608
8,1560,0.25599,0.52121,0.187666,142.690155,2.397871
8,1570,0.25764,0.649862,0.209441,125.069489,2.744274
8,1580,0.25928,0.648121,0.252927,112.947876,3.177387
8,1590,0.26092,1.09941,0.119799,32.750168,2.297403
8,1600,0.26256,0.633144,0.102268,154.1362,1.655828
8,1610,0.2642,0.390075,0.099452,100.706528,1.384596
8,1620,0.26585,0.412159,0.07042,160.154709,1.116355
9,1630,0.26749,0.409601,0.219264,182.803268,2.602243
9,1640,0.26913,0.531356,0.371526,146.248016,4.246618
9,1650,0.27077,0.378296,0.125539,196.620453,1.633684
9,1660,0.27241,0.796967,0.107321,205.803589,1.870172
9,1670,0.27406,0.474711,0.067477,132.549347,1.149484
9,1680,0.2757,0.125766,0.048623,193.272675,0.611994
9,1690,0.27734,0.308554,0.083752,135.438446,1.146071
9,1700,0.27898,0.618888,0.102668,56.551373,1.645571
9,1710,0.28062,0.386529,0.172798,110.499565,2.114513
9,1720,0.28227,0.590348,0.154559,134.937408,2.135935
9,1730,0.28391,0.192523,0.348623,166.32164,3.678749
9,1740,0.28555,0.701014,0.102472,109.039566,1.725732
9,1750,0.28719,0.547112,0.070809,80.168961,1.255201
9,1760,0.28883,1.105242,0.064489,190.276718,1.750133
9,1770,0.29048,0.991874,0.07541,139.708252,1.745978
9,1780,0.29212,0.304333,0.040708,149.881195,0.711416
9,1790,0.29376,0.80386,0.06018,99.678276,1.405657
9,1800,0.2954,0.536976,0.252609,114.930176,3.063071
9,1810,0.29704,0.214724,0.04129,193.523361,0.627624
9,1820,0.29869,0.524216,0.090315,129.078156,1.427365
10,1830,0.30033,0.513637,0.575273,131.554138,6.266368
10,1840,0.30197,0.262251,0.052582,140.298767,0.788073
10,1850,0.30361,0.149602,0.073491,95.398193,0.884513
10,1860,0.30525,0.263798,0.04507,161.860123,0.714495
10,1870,0.3069,0.190876,0.186343,178.187622,2.054308
10,1880,0.30854,0.587497,0.068204,141.80838,1.269538
10,1890,0.31018,0.326745,0.049496,186.799225,0.821705
10,1900,0.31182,0.366158,0.033603,208.901413,0.70219
10,1910,0.31346,0.515218,0.045381,157.5914,0.969028
10,1920,0.31511,0.232591,0.046817,151.544022,0.700764
10,1930,0.31675,0.271234,0.064215,165.096222,0.913386
10,1940,0.31839,0.397837,0.129002,171.405487,1.687856
10,1950,0.32003,0.630543,0.243668,147.142242,3.067224
10,1960,0.32167,0.656572,0.126088,127.888855,1.917451
10,1970,0.32332,0.512642,0.210803,110.416534,2.620667
10,1980,0.32496,0.655393,0.026156,126.920799,0.91695
10,1990,0.3266,0.209148,0.101681,163.582077,1.225956
10,2000,0.32824,0.283414,0.048409,207.960373,0.767504
10,2010,0.32989,0.416928,0.23155,154.231308,2.732423
10,2020,0.33153,0.31784,0.090563,132.642044,1.223465
10,2030,0.33317,0.186849,0.094159,121.504906,1.128438
11,2040,0.33481,0.337794,0.138134,131.022736,1.719129
11,2050,0.33645,0.171853,0.047672,150.780975,0.648575
11,2060,0.3381,0.099675,0.103305,119.310898,1.132722
11,2070,0.33974,0.586403,0.061637,202.279022,1.202775
11,2080,0.34138,0.448004,0.083028,144.094772,1.278282
11,2090,0.34302,0.151837,0.064673,157.42363,0.798568
11,2100,0.34466,0.67718,0.094967,142.367935,1.626851
11,2110,0.34631,0.596621,0.073608,142.395813,1.3327
11,2120,0.34795,0.079606,0.070491,139.742249,0.784514
11,2130,0.34959,0.076674,0.072848,181.715744,0.805153
11,2140,0.35123,0.507873,0.09436,135.821381,1.451469
11,2150,0.35287,0.217466,0.087536,175.755356,1.092825
11,2160,0.35452,0.292087,0.050169,150.694153,0.79378
11,2170,0.35616,1.763008,0.191784,134.23468,3.680847
11,2180,0.3578,0.871506,0.188599,71.709549,2.757492
11,2190,0.35944,0.578262,0.069724,158.705612,1.275502
11,2200,0.36108,0.677083,0.115077,157.19136,1.827858
11,2210,0.36273,0.504483,0.115364,150.513153,1.658122
11,2220,0.36437,0.326693,0.056717,116.305145,0.893864
11,2230,0.36601,0.366286,0.091607,106.112503,1.282359
12,2240,0.36765,0.453908,0.097012,137.838181,1.424029
12,2250,0.36929,0.390392,0.136451,147.436798,1.754907
12,2260,0.37094,0.360943,0.118021,178.491302,1.541155
12,2270,0.37258,0.329467,0.073396,193.676086,1.063429
12,2280,0.37422,0.42274,0.051151,205.485519,0.934248
12,2290,0.37586,0.246142,0.032781,188.314621,0.573956
12,2300,0.3775,0.51288,0.059961,135.578369,1.112493
12,2310,0.37915,0.657561,0.545884,201.741745,6.116405
12,2320,0.38079,0.748908,0.110909,184.653107,1.858003
12,2330,0.38243,0.362792,0.074133,166.26889,1.104124
12,2340,0.38407,0.315497,0.048875,135.259323,0.804243
12,2350,0.38571,0.245545,0.327387,162.213913,3.519416
12,2360,0.38736,0.513364,0.034454,165.686691,0.857902
12,2370,0.389,0.314625,0.065001,208.913391,0.964635
12,2380,0.39064,0.274308,0.030241,185.880341,0.576723
12,2390,0.39228,0.454595,0.025453,199.873337,0.709121
12,2400,0.39392,0.104988,0.05089,212.560349,0.613885
12,2410,0.39557,0.611554,0.802136,209.836121,8.632911
12,2420,0.39721,0.350554,0.058934,198.686081,0.939896
12,2430,0.39885,0.255015,0.109652,198.998444,1.351538
13,2440,0.40049,0.300024,0.0509,186.800903,0.809026
13,2450,0.40213,0.575531,0.098236,134.802902,1.557887
13,2460,0.40378,0.657256,0.05392,157.032593,1.196454
13,2470,0.40542,0.25693,0.023649,222.79895,0.493415
13,2480,0.40706,0.34218,0.098643,226.352448,1.32861
13,2490,0.4087,0.547578,0.133344,203.655441,1.881014
13,2500,0.41034,0.386755,0.162399,147.213043,2.010741
13,2510,0.41199,0.409515,0.123607,145.962708,1.645589
13,2520,0.41363,0.210878,0.039734,183.630173,0.608217
13,2530,0.41527,0.206751,0.105363,253.872101,1.26038
13,2540,0.41691,0.406127,0.048191,267.772064,0.88804
13,2550,0.41856,0.319833,0.137723,303.53183,1.697068
13,2560,0.4202,0.361554,0.086624,269.840271,1.227795
13,2570,0.42184,0.316234,0.109605,288.609436,1.412287
13,2580,0.42348,1.640614,0.080924,351.670105,2.449852
13,2590,0.42512,0.626299,0.054263,207.787872,1.168927
13,2600,0.42677,0.635843,0.430306,112.443298,4.938905
13,2610,0.42841,0.895487,0.117819,224.424774,2.073678
13,2620,0.43005,0.503132,0.081201,210.968353,1.315138
13,2630,0.43169,0.689865,0.358677,153.425262,4.276632
14,2640,0.43333,0.835019,0.209406,152.473221,2.929078
14,2650,0.43498,0.657406,0.206263,79.754387,2.720037
14,2660,0.43662,0.740826,0.086247,80.758713,1.603298
14,2670,0.43826,0.78073,0.211156,122.434227,2.892289
14,2680,0.4399,0.142759,0.0803,118.011742,0.945762
14,2690,0.44154,0.264501,0.077983,157.501526,1.044328
14,2700,0.44319,0.13702,0.359178,202.577026,3.728798
14,2710,0.44483,0.396934,0.054575,132.06694,0.942684
14,2720,0.44647,0.095786,0.279685,148.535141,2.892641
14,2730,0.44811,0.681651,0.27139,139.994247,3.395553
14,2740,0.44975,0.548588,0.125507,111.608543,1.803657
14,2750,0.4514,0.488571,0.195384,157.110626,2.442414
14,2760,0.45304,0.506348,0.066852,98.774582,1.174864
14,2770,0.45468,0.31174,0.088204,174.378403,1.193777
14,2780,0.45632,0.555774,0.31138,148.479309,3.669576
14,2790,0.45796,0.671217,0.215367,153.658569,2.824883
14,2800,0.45961,0.19232,0.214969,166.932419,2.342007
14,2810,0.46125,0.740351,0.120137,153.645325,1.941721
14,2820,0.46289,0.533229,0.061968,173.322327,1.152913
14,2830,0.46453,0.668737,0.058493,148.613342,1.253664
14,2840,0.46617,0.496565,0.095595,140.378693,1.452519
