epoch,step,progress,cls_loss,domain_loss,disc_acc,alpha,loss
1,10,0.00148,1.514093,0.617655,0.666667,0.007389,2.131748
1,20,0.00312,0.872838,0.418345,1.0,0.015598,1.291183
1,30,0.00476,0.745008,0.284948,0.979167,0.023805,1.029956
1,40,0.0064,0.754762,0.271143,0.916667,0.032009,1.025905
1,50,0.00805,0.51417,0.212678,0.958333,0.040208,0.726848
1,60,0.00969,0.536166,0.235548,0.9375,0.048402,0.771713
1,70,0.01133,0.29215,0.333503,0.875,0.05659,0.625653
1,80,0.01297,0.204264,0.227562,0.9375,0.06477,0.431826
1,90,0.01461,0.368171,0.423309,0.875,0.072941,0.791481
1,100,0.01626,0.254411,0.368146,0.833333,0.081102,0.622557
1,110,0.0179,0.235025,0.343822,0.875,0.089253,0.578848
1,120,0.01954,0.17325,0.444287,0.770833,0.097391,0.617538
1,130,0.02118,0.185914,0.587108,0.6875,0.105517,0.773023
1,140,0.02282,0.258596,0.663522,0.708333,0.113629,0.922118
1,150,0.02447,0.298704,0.583911,0.729167,0.121725,0.882616
1,160,0.02611,0.138446,0.861834,0.604167,0.129805,1.00028
1,170,0.02775,0.417092,0.766896,0.666667,0.137868,1.183988
1,180,0.02939,0.348218,1.13307,0.375,0.145913,1.481288
1,190,0.03103,0.068846,0.677422,0.75,0.153939,0.746268
1,200,0.03268,0.18425,0.976521,0.583333,0.161944,1.160771
2,210,0.03432,0.309869,0.740948,0.75,0.169928,1.050817
2,220,0.03596,0.247924,0.717591,0.6875,0.17789,0.965515
2,230,0.0376,0.260615,0.536406,0.6875,0.185829,0.79702
2,240,0.03924,0.184096,0.422592,0.833333,0.193743,0.606688
2,250,0.04089,0.293924,0.609139,0.6875,0.201632,0.903063
2,260,0.04253,0.301612,0.511475,0.729167,0.209496,0.813086
2,270,0.04417,0.333348,0.714839,0.541667,0.217332,1.048187
2,280,0.04581,0.136845,0.489761,0.729167,0.22514,0.626605
2,290,0.04745,0.210318,0.539673,0.708333,0.232919,0.749991
2,300,0.0491,0.02648,0.761226,0.583333,0.240669,0.787706
2,310,0.05074,0.016832,0.542733,0.729167,0.248388,0.559565
2,320,0.05238,0.037051,0.603355,0.645833,0.256076,0.640406
2,330,0.05402,0.356054,0.682013,0.666667,0.263732,1.038067
2,340,0.05567,0.299809,0.7233,0.541667,0.271354,1.023109
2,350,0.05731,0.423588,0.700786,0.604167,0.278943,1.124374
2,360,0.05895,0.520616,0.846666,0.645833,0.286497,1.367282
2,370,0.06059,0.079767,0.639384,0.583333,0.294015,0.71915
2,380,0.06223,0.408057,0.686707,0.6875,0.301497,1.094764
2,390,0.06388,0.081204,0.677132,0.708333,0.308943,0.758336
2,400,0.06552,0.210978,0.609983,0.6875,0.31635,0.820961
3,410,0.06716,0.190836,0.489623,0.729167,0.323719,0.680459
3,420,0.0688,0.212059,0.682267,0.625,0.33105,0.894327
3,430,0.07044,0.044308,0.717469,0.666667,0.33834,0.761776
3,440,0.07209,0.054962,0.567425,0.625,0.34559,0.622387
3,450,0.07373,0.075982,0.614132,0.6875,0.352799,0.690114
3,460,0.07537,0.076892,0.973087,0.416667,0.359966,1.049979
3,470,0.07701,1.07211,14.409429,0.270833,0.367092,15.481539
3,480,0.07865,1.959324,0.896605,0.458333,0.374174,2.85593
3,490,0.0803,2.050894,0.738627,0.166667,0.381213,2.789522
3,500,0.08194,1.940155,0.694031,0.479167,0.388208,2.634186
3,510,0.08358,1.986572,0.690243,0.645833,0.395158,2.676815
3,520,0.08522,1.928376,0.692482,0.5,0.402064,2.620858
3,530,0.08686,2.015905,0.696671,0.5,0.408924,2.712577
3,540,0.08851,1.886445,0.689946,0.645833,0.415738,2.576391
3,550,0.09015,1.875728,0.69029,0.583333,0.422506,2.566018
3,560,0.09179,1.535652,0.700663,0.625,0.429227,2.236314
3,570,0.09343,1.525446,0.683779,0.8125,0.435901,2.209226
3,580,0.09507,1.493805,0.665561,0.75,0.442528,2.159366
3,590,0.09672,1.707493,0.642467,0.583333,0.449106,2.34996
3,600,0.09836,1.938973,0.66438,0.520833,0.455636,2.603353
4,610,0.1,1.514115,0.635806,0.604167,0.462117,2.149921
4,620,0.10164,1.676787,0.657065,0.5625,0.468549,2.333852
4,630,0.10328,1.273921,0.623286,0.645833,0.474933,1.897207
4,640,0.10493,1.224045,0.601291,0.520833,0.481266,1.825336
4,650,0.10657,1.726548,0.641397,0.604167,0.48755,2.367944
4,660,0.10821,1.710411,0.680048,0.583333,0.493783,2.390459
4,670,0.10985,1.456988,0.588532,0.604167,0.499966,2.04552
4,680,0.11149,1.30388,0.614,0.625,0.506099,1.91788
4,690,0.11314,1.500309,0.663934,0.5625,0.512181,2.164242
4,700,0.11478,1.43692,0.603431,0.708333,0.518212,2.04035
4,710,0.11642,1.717663,0.63007,0.666667,0.524191,2.347734
4,720,0.11806,2.169513,3.431285,0.416667,0.53012,5.600798
4,730,0.1197,2.754467,0.775569,0.5,0.535997,3.530036
4,740,0.12135,1.776389,0.686325,0.645833,0.541823,2.462714
4,750,0.12299,1.781504,0.671671,0.791667,0.547597,2.453175
4,760,0.12463,2.025381,0.66933,0.625,0.553319,2.69471
4,770,0.12627,1.607926,0.683501,0.479167,0.55899,2.291427
4,780,0.12791,1.648427,0.785949,0.416667,0.564609,2.434376
4,790,0.12956,10.521605,11.644872,0.416667,0.570176,22.166477
4,800,0.1312,2.103115,0.684188,0.583333,0.575691,2.787303
4,810,0.13284,1.861644,0.668961,0.583333,0.581154,2.530605
5,820,0.13448,1.827121,0.668859,0.5625,0.586565,2.49598
5,830,0.13612,1.864803,0.660646,0.5625,0.591925,2.525449
5,840,0.13777,1.804259,0.669684,0.5,0.597233,2.473943
5,850,0.13941,1.717975,0.635413,0.520833,0.602488,2.353389
5,860,0.14105,1.629868,0.670995,0.520833,0.607692,2.300862
5,870,0.14269,1.611634,0.696408,0.375,0.612845,2.308042
5,880,0.14433,1.677503,1.479169,0.416667,0.617946,3.156673
5,890,0.14598,1.998271,1.185369,0.625,0.622995,3.18364
5,900,0.14762,3.129134,5.972854,0.479167,0.627993,9.101989
5,910,0.14926,1.90012,0.419965,0.8125,0.63294,2.320086
5,920,0.1509,2.048768,0.698113,0.520833,0.637835,2.746881
5,930,0.15255,1.894334,0.680203,0.666667,0.64268,2.574537
5,940,0.15419,1.918744,0.687987,0.5625,0.647473,2.606731
5,950,0.15583,1.988705,0.705347,0.4375,0.652216,2.694053
5,960,0.15747,1.96259,0.689878,0.479167,0.656909,2.652468
5,970,0.15911,1.999472,0.69435,0.5,0.661551,2.693822
5,980,0.16076,1.894602,0.69667,0.416667,0.666143,2.591272
5,990,0.1624,1.949767,0.69184,0.5,0.670685,2.641607
5,1000,0.16404,1.998619,0.679089,0.5,0.675177,2.677708
5,1010,0.16568,1.943743,0.688413,0.541667,0.67962,2.632156
6,1020,0.16732,1.886498,0.693303,0.520833,0.684013,2.579802
6,1030,0.16897,1.917606,0.697166,0.479167,0.688358,2.614772
6,1040,0.17061,1.824223,0.686177,0.541667,0.692653,2.510401
6,1050,0.17225,1.809076,0.709568,0.458333,0.6969,2.518644
6,1060,0.17389,1.891878,0.692676,0.5625,0.701099,2.584554
6,1070,0.17553,1.893606,0.688527,0.541667,0.705249,2.582133
6,1080,0.17718,1.923839,0.69294,0.458333,0.709352,2.616779
6,1090,0.17882,1.960242,0.739346,0.229167,0.713407,2.699588
6,1100,0.18046,1.965141,0.760865,0.208333,0.717415,2.726006
6,1110,0.1821,1.920021,0.724612,0.395833,0.721376,2.644633
6,1120,0.18374,1.866979,0.638415,0.708333,0.725291,2.505394
6,1130,0.18539,1.847551,0.654227,0.604167,0.729159,2.501778
6,1140,0.18703,1.897357,0.720627,0.333333,0.732981,2.617984
6,1150,0.18867,2.068222,0.725275,0.416667,0.736758,2.793497
6,1160,0.19031,1.976112,0.768986,0.270833,0.740488,2.745098
6,1170,0.19195,1.782976,0.690283,0.5,0.744174,2.473259
6,1180,0.1936,1.86605,0.646198,0.5625,0.747815,2.512249
6,1190,0.19524,1.922838,0.674739,0.541667,0.751412,2.597578
6,1200,0.19688,2.071838,0.70235,0.458333,0.754965,2.774188
6,1210,0.19852,1.892108,0.694425,0.583333,0.758473,2.586533
7,1220,0.20016,1.935889,0.721763,0.375,0.761939,2.657652
7,1230,0.20181,1.957627,0.725305,0.541667,0.765361,2.682932
7,1240,0.20345,1.988979,0.710515,0.479167,0.768741,2.699494
7,1250,0.20509,1.782436,0.694771,0.5,0.772078,2.477207
7,1260,0.20673,1.824336,0.695746,0.520833,0.775373,2.520082
7,1270,0.20837,1.931751,0.708374,0.479167,0.778626,2.640125
7,1280,0.21002,1.672058,0.701585,0.5,0.781838,2.373643
7,1290,0.21166,1.681501,0.645656,0.729167,0.785009,2.327157
7,1300,0.2133,1.899382,0.684526,0.479167,0.78814,2.583908
7,1310,0.21494,1.787628,0.67973,0.583333,0.79123,2.467358
7,1320,0.21658,1.6985,0.862091,0.25,0.79428,2.560591
7,1330,0.21823,1.804698,2.356066,0.104167,0.797291,4.160764
7,1340,0.21987,32.450264,28.572973,0.416667,0.800263,61.023239
7,1350,0.22151,759.239807,315.930176,0.479167,0.803196,1075.169922
7,1360,0.22315,247.078781,375.838623,0.5,0.80609,622.917419
7,1370,0.22479,16.882856,2.979744,0.520833,0.808947,19.8626
7,1380,0.22644,1.989772,0.691249,0.604167,0.811765,2.681021
7,1390,0.22808,1.830107,0.688327,0.583333,0.814547,2.518434
7,1400,0.22972,1.951883,0.693806,0.479167,0.817291,2.645689
7,1410,0.23136,1.890374,0.706304,0.354167,0.819999,2.596678
7,1420,0.233,1.96193,0.694108,0.395833,0.822671,2.656039
