epoch,step,progress,cls_loss,sam_loss,sam_gap,grad_norm,loss
1,10,0.00148,1.962189,2.052601,0.090412,1.906757,1.962189
1,20,0.00312,1.880628,1.950881,0.070253,1.602329,1.880628
1,30,0.00476,1.826781,1.904917,0.078136,1.84967,1.826781
1,40,0.0064,1.808403,1.89322,0.084817,1.997766,1.808403
1,50,0.00805,1.534912,1.730083,0.195172,3.801584,1.534912
1,60,0.00969,1.435891,1.673504,0.237614,4.468235,1.435891
1,70,0.01133,1.364759,1.53117,0.166411,3.920218,1.364759
1,80,0.01297,1.002712,1.249206,0.246494,5.108248,1.002712
1,90,0.01461,0.874386,1.252611,0.378226,7.458515,0.874386
1,100,0.01626,0.515484,0.788948,0.273463,4.56916,0.515484
1,110,0.0179,0.856919,1.219247,0.362328,7.09235,0.856919
1,120,0.01954,0.644036,0.917346,0.27331,5.005493,0.644036
1,130,0.02118,0.737346,1.169606,0.43226,7.777993,0.737346
1,140,0.02282,0.622337,0.938936,0.316599,5.788526,0.622337
1,150,0.02447,0.73384,1.075421,0.341582,6.534127,0.73384
1,160,0.02611,0.579201,1.138555,0.559355,9.617265,0.579201
1,170,0.02775,0.520409,0.812607,0.292198,5.091628,0.520409
1,180,0.02939,0.438792,0.806226,0.367434,6.315269,0.438792
1,190,0.03103,0.172371,0.353491,0.18112,3.211666,0.172371
1,200,0.03268,0.221489,0.490181,0.268692,4.200825,0.221489
2,210,0.03432,0.195355,0.413988,0.218633,3.519153,0.195355
2,220,0.03596,0.559333,0.972944,0.413611,7.783005,0.559333
2,230,0.0376,0.362354,0.672476,0.310121,4.91398,0.362354
2,240,0.03924,0.335701,0.629696,0.293995,5.531218,0.335701
2,250,0.04089,0.495968,0.742589,0.246621,4.28197,0.495968
2,260,0.04253,0.357459,0.595293,0.237834,4.070929,0.357459
2,270,0.04417,0.34587,0.669566,0.323696,5.224674,0.34587
2,280,0.04581,0.291208,0.548262,0.257054,4.542066,0.291208
2,290,0.04745,0.270749,0.517221,0.246472,4.134258,0.270749
2,300,0.0491,0.196994,0.427445,0.230451,4.009161,0.196994
2,310,0.05074,0.083802,0.281695,0.197893,2.410702,0.083802
2,320,0.05238,0.142494,0.353681,0.211186,3.465499,0.142494
2,330,0.05402,0.204573,0.494537,0.289964,4.027564,0.204573
2,340,0.05567,0.262383,0.592295,0.329912,4.964516,0.262383
2,350,0.05731,0.338152,0.596119,0.257967,4.904494,0.338152
2,360,0.05895,0.137757,0.400273,0.262516,4.059796,0.137757
2,370,0.06059,0.151835,0.408442,0.256607,4.152808,0.151835
2,380,0.06223,0.349746,0.746832,0.397086,5.718944,0.349746
2,390,0.06388,0.276606,0.482907,0.206301,4.866678,0.276606
2,400,0.06552,0.102399,0.226151,0.123751,2.042412,0.102399
3,410,0.06716,0.135229,0.331977,0.196748,3.202194,0.135229
3,420,0.0688,0.210404,0.419235,0.208831,3.592951,0.210404
3,430,0.07044,0.273254,0.542346,0.269093,4.500144,0.273254
3,440,0.07209,0.053435,0.148685,0.095251,1.317114,0.053435
3,450,0.07373,0.152446,0.361478,0.209032,2.697742,0.152446
3,460,0.07537,0.175265,0.409134,0.233869,3.709501,0.175265
3,470,0.07701,0.178532,0.36151,0.182978,3.092039,0.178532
3,480,0.07865,0.178671,0.413838,0.235166,3.959113,0.178671
3,490,0.0803,0.114923,0.232333,0.11741,1.976181,0.114923
3,500,0.08194,0.167149,0.383891,0.216742,3.742805,0.167149
3,510,0.08358,0.314872,0.622271,0.3074,5.602256,0.314872
3,520,0.08522,0.200831,0.550953,0.350123,4.673903,0.200831
3,530,0.08686,0.235372,0.529587,0.294215,4.757166,0.235372
3,540,0.08851,0.095856,0.263143,0.167287,2.299325,0.095856
3,550,0.09015,0.128,0.295118,0.167118,2.601198,0.128
3,560,0.09179,0.145832,0.284104,0.138273,3.009492,0.145832
3,570,0.09343,0.229969,0.643195,0.413225,4.836698,0.229969
3,580,0.09507,0.116261,0.241554,0.125292,2.271084,0.116261
3,590,0.09672,0.055204,0.168159,0.112955,1.526092,0.055204
3,600,0.09836,0.225586,0.497024,0.271437,4.112757,0.225586
4,610,0.1,0.221172,0.599172,0.378,6.266519,0.221172
4,620,0.10164,0.137181,0.466085,0.328905,4.257149,0.137181
4,630,0.10328,0.34938,0.616153,0.266773,4.061169,0.34938
4,640,0.10493,0.236967,0.477892,0.240925,3.322146,0.236967
4,650,0.10657,0.215511,0.47702,0.261509,5.315934,0.215511
4,660,0.10821,0.239314,0.373909,0.134595,2.683225,0.239314
4,670,0.10985,0.036576,0.121917,0.085341,1.176533,0.036576
4,680,0.11149,0.128519,0.286906,0.158387,3.171942,0.128519
4,690,0.11314,0.115911,0.323686,0.207776,3.174648,0.115911
4,700,0.11478,0.023103,0.136574,0.11347,0.911033,0.023103
4,710,0.11642,0.187601,0.357494,0.169894,2.793833,0.187601
4,720,0.11806,0.071923,0.175798,0.103876,1.400102,0.071923
4,730,0.1197,0.021643,0.098071,0.076428,0.760728,0.021643
4,740,0.12135,0.135171,0.492139,0.356968,4.576354,0.135171
4,750,0.12299,0.080377,0.257505,0.177127,2.868533,0.080377
4,760,0.12463,0.355115,0.66801,0.312895,5.410275,0.355115
4,770,0.12627,0.115277,0.312208,0.196931,2.667202,0.115277
4,780,0.12791,0.137667,0.408182,0.270516,3.879034,0.137667
4,790,0.12956,0.186528,0.515033,0.328505,4.033162,0.186528
4,800,0.1312,0.2614,0.578454,0.317054,6.598413,0.2614
4,810,0.13284,0.076216,0.25426,0.178044,2.244862,0.076216
5,820,0.13448,0.06457,0.244665,0.180095,1.590351,0.06457
5,830,0.13612,0.065876,0.243247,0.177371,2.334415,0.065876
5,840,0.13777,0.173281,0.392623,0.219342,3.345715,0.173281
5,850,0.13941,0.04377,0.16665,0.12288,1.651665,0.04377
5,860,0.14105,0.020831,0.148944,0.128113,0.835031,0.020831
5,870,0.14269,0.119007,0.246208,0.127201,2.172441,0.119007
5,880,0.14433,0.10883,0.223015,0.114185,2.012433,0.10883
5,890,0.14598,0.091788,0.382916,0.291128,3.8872,0.091788
5,900,0.14762,0.145374,0.374951,0.229577,3.677711,0.145374
5,910,0.14926,0.148767,0.278159,0.129392,2.256613,0.148767
5,920,0.1509,0.080996,0.215562,0.134566,2.062272,0.080996
5,930,0.15255,0.100894,0.253674,0.15278,2.339016,0.100894
5,940,0.15419,0.059988,0.226429,0.166441,1.884682,0.059988
5,950,0.15583,0.026226,0.111528,0.085301,0.977735,0.026226
5,960,0.15747,0.075487,0.225072,0.149585,2.521273,0.075487
5,970,0.15911,0.175697,0.368977,0.19328,3.585844,0.175697
5,980,0.16076,0.144962,0.322068,0.177106,3.13946,0.144962
5,990,0.1624,0.075,0.231062,0.156061,2.310426,0.075
5,1000,0.16404,0.053687,0.260403,0.206716,2.239215,0.053687
5,1010,0.16568,0.10476,0.315534,0.210774,3.060012,0.10476
6,1020,0.16732,0.114073,0.287044,0.17297,2.456392,0.114073
6,1030,0.16897,0.021495,0.202112,0.180617,1.386354,0.021495
6,1040,0.17061,0.043874,0.220484,0.17661,1.777611,0.043874
6,1050,0.17225,0.052551,0.166724,0.114173,1.993641,0.052551
6,1060,0.17389,0.076064,0.195918,0.119854,1.891424,0.076064
6,1070,0.17553,0.066617,0.184747,0.11813,1.613497,0.066617
6,1080,0.17718,0.053363,0.186281,0.132918,1.925468,0.053363
6,1090,0.17882,0.055278,0.170834,0.115556,1.59012,0.055278
6,1100,0.18046,0.06684,0.234263,0.167424,1.927117,0.06684
6,1110,0.1821,0.114625,0.288621,0.173996,2.654182,0.114625
6,1120,0.18374,0.196471,0.39427,0.197799,3.312696,0.196471
6,1130,0.18539,0.075538,0.213287,0.137749,2.240409,0.075538
6,1140,0.18703,0.184701,0.386173,0.201471,3.612257,0.184701
6,1150,0.18867,0.056422,0.145678,0.089256,2.139851,0.056422
6,1160,0.19031,0.123806,0.262164,0.138358,2.753368,0.123806
6,1170,0.19195,0.070383,0.205344,0.134961,2.391285,0.070383
6,1180,0.1936,0.101175,0.25715,0.155975,2.734082,0.101175
6,1190,0.19524,0.035361,0.165027,0.129666,1.58635,0.035361
6,1200,0.19688,0.067995,0.276702,0.208708,2.141519,0.067995
6,1210,0.19852,0.014781,0.080853,0.066072,0.676364,0.014781
7,1220,0.20016,0.08038,0.366572,0.286191,3.793403,0.08038
7,1230,0.20181,0.123713,0.359517,0.235805,3.622352,0.123713
7,1240,0.20345,0.043742,0.143924,0.100182,1.417048,0.043742
7,1250,0.20509,0.14832,0.373877,0.225557,3.609539,0.14832
7,1260,0.20673,0.03195,0.115696,0.083746,0.892309,0.03195
7,1270,0.20837,0.009133,0.056612,0.047479,0.390841,0.009133
7,1280,0.21002,0.039675,0.141379,0.101703,1.235452,0.039675
7,1290,0.21166,0.007877,0.124436,0.11656,0.44936,0.007877
7,1300,0.2133,0.01883,0.105282,0.086452,0.801413,0.01883
7,1310,0.21494,0.184665,0.397369,0.212704,4.188917,0.184665
7,1320,0.21658,0.069394,0.204758,0.135363,1.868823,0.069394
7,1330,0.21823,0.017993,0.0936,0.075607,0.8011,0.017993
7,1340,0.21987,0.080517,0.295372,0.214856,3.692399,0.080517
7,1350,0.22151,0.113015,0.253775,0.14076,2.777972,0.113015
7,1360,0.22315,0.007436,0.073075,0.065639,0.519145,0.007436
7,1370,0.22479,0.021981,0.126593,0.104612,1.255532,0.021981
7,1380,0.22644,0.02767,0.178596,0.150927,1.778993,0.02767
7,1390,0.22808,0.068034,0.180378,0.112344,1.681074,0.068034
7,1400,0.22972,0.03155,0.187318,0.155768,1.192518,0.03155
7,1410,0.23136,0.04935,0.12684,0.07749,1.261325,0.04935
7,1420,0.233,0.13985,0.285292,0.145442,2.92784,0.13985
8,1430,0.23465,0.138794,0.390306,0.251512,3.880093,0.138794
8,1440,0.23629,0.025673,0.223339,0.197666,1.581689,0.025673
8,1450,0.23793,0.010715,0.117652,0.106937,0.558544,0.010715
8,1460,0.23957,0.076718,0.186281,0.109563,1.892455,0.076718
8,1470,0.24122,0.070003,0.269406,0.199403,2.820508,0.070003
8,1480,0.24286,0.026334,0.177169,0.150834,1.407909,0.026334
8,1490,0.2445,0.010147,0.044279,0.034133,0.338805,0.010147
8,1500,0.24614,0.069736,0.306509,0.236773,3.116611,0.069736
8,1510,0.24778,0.0214,0.099079,0.077679,0.893356,0.0214
8,1520,0.24943,0.023372,0.249408,0.226035,1.229658,0.023372
8,1530,0.25107,0.046061,0.154047,0.107986,1.319916,0.046061
8,1540,0.25271,0.033006,0.121625,0.088619,1.063912,0.033006
8,1550,0.25435,0.033238,0.181225,0.147987,1.296207,0.033238
8,1560,0.25599,0.018333,0.15703,0.138698,0.948237,0.018333
8,1570,0.25764,0.048361,0.172549,0.124188,1.566589,0.048361
8,1580,0.25928,0.145899,0.321289,0.17539,2.957607,0.145899
8,1590,0.26092,0.090779,0.265819,0.17504,2.715343,0.090779
8,1600,0.26256,0.014948,0.068566,0.053618,0.564154,0.014948
8,1610,0.2642,0.052917,0.220987,0.168069,1.881784,0.052917
8,1620,0.26585,0.076966,0.205259,0.128293,2.227154,0.076966
9,1630,0.26749,0.117399,0.380688,0.263288,3.588833,0.117399
9,1640,0.26913,0.029286,0.136126,0.10684,1.104529,0.029286
9,1650,0.27077,0.021909,0.150143,0.128234,1.003422,0.021909
9,1660,0.27241,0.044166,0.272464,0.228298,2.60717,0.044166
9,1670,0.27406,0.03037,0.151106,0.120735,1.723099,0.03037
9,1680,0.2757,0.018224,0.140926,0.122702,1.088332,0.018224
9,1690,0.27734,0.04286,0.18762,0.14476,1.665865,0.04286
9,1700,0.27898,0.008242,0.04948,0.041238,0.536341,0.008242
9,1710,0.28062,0.01963,0.07384,0.05421,0.905436,0.01963
9,1720,0.28227,0.001301,0.035859,0.034559,0.09127,0.001301
9,1730,0.28391,0.024356,0.194144,0.169788,1.310607,0.024356
9,1740,0.28555,0.172923,0.280306,0.107383,2.024896,0.172923
9,1750,0.28719,0.057046,0.16076,0.103714,1.732902,0.057046
9,1760,0.28883,0.023907,0.240101,0.216194,1.036606,0.023907
9,1770,0.29048,0.051853,0.197858,0.146005,2.171655,0.051853
9,1780,0.29212,0.042803,0.175766,0.132964,1.4899,0.042803
9,1790,0.29376,0.159488,0.35745,0.197962,3.827984,0.159488
9,1800,0.2954,0.030763,0.130784,0.100021,1.217614,0.030763
9,1810,0.29704,0.04859,0.122064,0.073473,1.341099,0.04859
9,1820,0.29869,0.065533,0.252212,0.186679,2.453654,0.065533
10,1830,0.30033,0.038677,0.305948,0.267271,2.427674,0.038677
10,1840,0.30197,0.010134,0.056535,0.0464,0.416315,0.010134
10,1850,0.30361,0.012074,0.09589,0.083816,0.798072,0.012074
10,1860,0.30525,0.028419,0.168651,0.140232,1.261923,0.028419
10,1870,0.3069,0.073971,0.238603,0.164631,3.240978,0.073971
10,1880,0.30854,0.030003,0.170033,0.14003,1.28786,0.030003
10,1890,0.31018,0.014097,0.083055,0.068959,0.645893,0.014097
10,1900,0.31182,0.019336,0.189517,0.170182,1.298793,0.019336
10,1910,0.31346,0.022707,0.135789,0.113082,1.221165,0.022707
10,1920,0.31511,0.000667,0.010554,0.009887,0.03795,0.000667
10,1930,0.31675,0.012306,0.097709,0.085402,0.574511,0.012306
10,1940,0.31839,0.04088,0.228825,0.187946,2.53955,0.04088
10,1950,0.32003,0.045817,0.152901,0.107085,1.232531,0.045817
10,1960,0.32167,0.050642,0.163542,0.1129,1.464966,0.050642
10,1970,0.32332,0.005892,0.048746,0.042854,0.302618,0.005892
10,1980,0.32496,0.10099,0.257698,0.156708,2.493822,0.10099
10,1990,0.3266,0.015897,0.135201,0.119304,0.848381,0.015897
10,2000,0.32824,0.018573,0.0734,0.054826,0.587494,0.018573
10,2010,0.32989,0.046777,0.180011,0.133234,1.456096,0.046777
10,2020,0.33153,0.003825,0.12429,0.120466,0.286445,0.003825
10,2030,0.33317,0.006155,0.101365,0.09521,0.351272,0.006155
11,2040,0.33481,0.054477,0.168817,0.11434,1.860633,0.054477
11,2050,0.33645,0.028864,0.115709,0.086845,1.013094,0.028864
11,2060,0.3381,0.005372,0.066838,0.061466,0.432386,0.005372
11,2070,0.33974,0.00319,0.098268,0.095078,0.242267,0.00319
11,2080,0.34138,0.00204,0.027632,0.025592,0.108746,0.00204
11,2090,0.34302,0.001959,0.021179,0.01922,0.095458,0.001959
11,2100,0.34466,0.012069,0.131552,0.119483,0.548328,0.012069
11,2110,0.34631,0.008426,0.161896,0.15347,0.555303,0.008426
11,2120,0.34795,0.022837,0.329697,0.30686,2.048802,0.022837
11,2130,0.34959,0.011167,0.142087,0.13092,0.691749,0.011167
11,2140,0.35123,0.040695,0.129579,0.088884,1.151153,0.040695
11,2150,0.35287,0.009099,0.050426,0.041326,0.370437,0.009099
11,2160,0.35452,0.026555,0.131175,0.104621,1.211589,0.026555
11,2170,0.35616,0.00883,0.080325,0.071496,0.425555,0.00883
11,2180,0.3578,0.01351,0.136309,0.122799,0.902062,0.01351
11,2190,0.35944,0.005937,0.168814,0.162877,0.623796,0.005937
11,2200,0.36108,0.001231,0.040014,0.038783,0.077729,0.001231
11,2210,0.36273,0.016653,0.098186,0.081532,0.722705,0.016653
11,2220,0.36437,0.01294,0.173708,0.160769,0.818911,0.01294
11,2230,0.36601,0.016933,0.133662,0.116728,0.995392,0.016933
12,2240,0.36765,0.031268,0.123817,0.092549,1.10856,0.031268
12,2250,0.36929,0.001857,0.050683,0.048826,0.145417,0.001857
12,2260,0.37094,0.040816,0.402782,0.361966,2.225046,0.040816
12,2270,0.37258,0.02381,0.172729,0.148918,1.049575,0.02381
12,2280,0.37422,0.053358,0.257096,0.203738,2.387044,0.053358
12,2290,0.37586,0.029659,0.160532,0.130873,1.223295,0.029659
12,2300,0.3775,0.051392,0.187961,0.136569,1.597528,0.051392
12,2310,0.37915,0.071186,0.247442,0.176256,2.471104,0.071186
12,2320,0.38079,0.029883,0.19003,0.160147,1.307905,0.029883
12,2330,0.38243,0.006274,0.093738,0.087464,0.370363,0.006274
12,2340,0.38407,0.006272,0.076914,0.070642,0.391648,0.006272
12,2350,0.38571,0.010843,0.087671,0.076828,0.622632,0.010843
12,2360,0.38736,0.026856,0.118353,0.091497,1.111963,0.026856
12,2370,0.389,0.057792,0.149302,0.091509,1.349745,0.057792
12,2380,0.39064,0.015455,0.068097,0.052642,1.215952,0.015455
12,2390,0.39228,0.01422,0.173335,0.159114,0.820543,0.01422
12,2400,0.39392,0.002996,0.027605,0.024609,0.142537,0.002996
12,2410,0.39557,0.009002,0.102749,0.093747,0.8024,0.009002
12,2420,0.39721,0.012617,0.125027,0.11241,0.840579,0.012617
12,2430,0.39885,0.026957,0.095258,0.068301,0.843011,0.026957
13,2440,0.40049,0.014564,0.061866,0.047302,0.554777,0.014564
13,2450,0.40213,0.033664,0.113377,0.079713,1.031481,0.033664
13,2460,0.40378,0.083203,0.146854,0.063651,1.428757,0.083203
13,2470,0.40542,0.002821,0.0249,0.02208,0.149655,0.002821
13,2480,0.40706,0.00386,0.050343,0.046484,0.237574,0.00386
13,2490,0.4087,0.013611,0.138527,0.124916,1.209944,0.013611
13,2500,0.41034,0.016417,0.152093,0.135676,0.775662,0.016417
13,2510,0.41199,0.04728,0.135343,0.088063,1.388608,0.04728
13,2520,0.41363,0.02406,0.129714,0.105654,0.952193,0.02406
13,2530,0.41527,0.009563,0.035929,0.026366,0.345412,0.009563
13,2540,0.41691,0.002672,0.044258,0.041586,0.135527,0.002672
13,2550,0.41856,0.012544,0.055545,0.043002,0.511585,0.012544
13,2560,0.4202,0.007297,0.059528,0.052231,0.354452,0.007297
13,2570,0.42184,0.067384,0.219092,0.151707,1.859336,0.067384
13,2580,0.42348,0.000645,0.018346,0.017701,0.049685,0.000645
13,2590,0.42512,9e-05,0.002951,0.00286,0.005676,9e-05
13,2600,0.42677,0.008377,0.231764,0.223387,1.033319,0.008377
13,2610,0.42841,0.00929,0.093967,0.084677,0.505123,0.00929
13,2620,0.43005,0.011683,0.095945,0.084261,0.772647,0.011683
13,2630,0.43169,0.119346,0.276428,0.157082,2.081317,0.119346
