epoch,step,train_cls_loss,train_mmd,train_feat_norm,train_loss,val_photo_acc,val_photo_f1,val_art_painting_acc,val_art_painting_f1,val_cartoon_acc,val_cartoon_f1,val_mean_accuracy,val_mean_macro_f1,val_worst_accuracy,val_worst_macro_f1,best,epoch_time_s
1,203,0.514575,0.215949,43.761264,0.730524,0.853293,0.830905,0.782927,0.775416,0.8742,0.877699,0.836807,0.828007,0.782927,0.775416,1,51.2
2,406,0.228111,0.175461,51.756447,0.403571,0.952096,0.94474,0.878049,0.872288,0.929638,0.933046,0.919927,0.916691,0.878049,0.872288,1,50.7
3,609,0.177983,0.169484,52.542219,0.347466,0.958084,0.948707,0.834146,0.817958,0.895522,0.882017,0.895918,0.882894,0.834146,0.817958,0,57.4
4,812,0.133983,0.167704,53.107466,0.301687,0.976048,0.971699,0.907317,0.905947,0.938166,0.943857,0.94051,0.940501,0.907317,0.905947,1,55.5
5,1015,0.105468,0.162993,60.128738,0.268461,0.91018,0.888525,0.770732,0.753162,0.884861,0.888711,0.855258,0.843466,0.770732,0.753162,0,54.7
6,1218,0.112788,0.155435,60.903439,0.268223,0.967066,0.96092,0.865854,0.867436,0.925373,0.933441,0.919431,0.920599,0.865854,0.867436,0,54.4
7,1421,0.077769,0.150532,70.134707,0.2283,0.95509,0.952496,0.878049,0.87658,0.925373,0.929725,0.919504,0.9196,0.878049,0.87658,0,55.0
8,1624,0.081358,0.152025,73.021746,0.233383,0.97006,0.965716,0.907317,0.906352,0.93177,0.934188,0.936382,0.935418,0.907317,0.906352,0,53.0
9,1827,0.068166,0.139813,79.315051,0.207979,0.961078,0.955353,0.919512,0.915777,0.944563,0.950021,0.941718,0.940384,0.919512,0.915777,0,55.3
